"filename", "language", "JavaScript", "XML", "CSS", "Markdown", "JSON", "Groovy", "HTML", "comment", "blank", "total"
"c:\Users\User\Desktop\work\youwho.club\Jenkinsfile", "Groovy", 0, 0, 0, 0, 0, 15, 0, 0, 1, 16
"c:\Users\User\Desktop\work\youwho.club\README.md", "Markdown", 0, 0, 0, 3, 0, 0, 0, 0, 2, 5
"c:\Users\User\Desktop\work\youwho.club\package-lock.json", "JSON", 0, 0, 0, 0, 34018, 0, 0, 0, 1, 34019
"c:\Users\User\Desktop\work\youwho.club\package.json", "JSON", 0, 0, 0, 0, 69, 0, 0, 0, 1, 70
"c:\Users\User\Desktop\work\youwho.club\public\Y-HUG-COIN.svg", "XML", 0, 76, 0, 0, 0, 0, 0, 0, 2, 78
"c:\Users\User\Desktop\work\youwho.club\public\YouwhoHugCoin.svg", "XML", 0, 1, 0, 0, 0, 0, 0, 0, 0, 1
"c:\Users\User\Desktop\work\youwho.club\public\index.html", "HTML", 0, 0, 0, 0, 0, 0, 32, 25, 6, 63
"c:\Users\User\Desktop\work\youwho.club\public\introGroup.svg", "XML", 0, 104, 0, 0, 0, 0, 0, 0, 2, 106
"c:\Users\User\Desktop\work\youwho.club\public\manifest.json", "JSON", 0, 0, 0, 0, 25, 0, 0, 0, 1, 26
"c:\Users\User\Desktop\work\youwho.club\public\p-outline-animated.svg", "XML", 0, 225, 0, 0, 0, 0, 0, 1, 2, 228
"c:\Users\User\Desktop\work\youwho.club\public\p-outline.svg", "XML", 0, 62, 0, 0, 0, 0, 0, 154, 4, 220
"c:\Users\User\Desktop\work\youwho.club\public\w-outline-animated.svg", "XML", 0, 187, 0, 0, 0, 0, 0, 5, 1, 193
"c:\Users\User\Desktop\work\youwho.club\public\w-outline.svg", "XML", 0, 70, 0, 0, 0, 0, 0, 72, 1, 143
"c:\Users\User\Desktop\work\youwho.club\public\w-typography.svg", "XML", 0, 89, 0, 0, 0, 0, 0, 0, 1, 90
"c:\Users\User\Desktop\work\youwho.club\public\youwho-hugcoin copy.svg", "XML", 0, 194, 0, 0, 0, 0, 0, 1, 1, 196
"c:\Users\User\Desktop\work\youwho.club\public\youwho-hugcoin.svg", "XML", 0, 215, 0, 0, 0, 0, 0, 6, 4, 225
"c:\Users\User\Desktop\work\youwho.club\public\youwho-purple.svg", "XML", 0, 1, 0, 0, 0, 0, 0, 0, 0, 1
"c:\Users\User\Desktop\work\youwho.club\public\youwho-w-outline.svg", "XML", 0, 122, 0, 0, 0, 0, 0, 1, 1, 124
"c:\Users\User\Desktop\work\youwho.club\public\youwho-white.svg", "XML", 0, 1, 0, 0, 0, 0, 0, 0, 0, 1
"c:\Users\User\Desktop\work\youwho.club\src\App.css", "CSS", 0, 0, 182, 0, 0, 0, 0, 6, 9, 197
"c:\Users\User\Desktop\work\youwho.club\src\App.js", "JavaScript", 280, 0, 0, 0, 0, 0, 0, 10, 37, 327
"c:\Users\User\Desktop\work\youwho.club\src\App.test.js", "JavaScript", 7, 0, 0, 0, 0, 0, 0, 0, 2, 9
"c:\Users\User\Desktop\work\youwho.club\src\assets\CHATNFT-WH.svg", "XML", 0, 1, 0, 0, 0, 0, 0, 0, 0, 1
"c:\Users\User\Desktop\work\youwho.club\src\assets\CHATNFT-b.svg", "XML", 0, 1, 0, 0, 0, 0, 0, 0, 0, 1
"c:\Users\User\Desktop\work\youwho.club\src\assets\FEATURESDRK-.svg", "XML", 0, 1, 0, 0, 0, 0, 0, 0, 0, 1
"c:\Users\User\Desktop\work\youwho.club\src\assets\FEATURESDRK.svg", "XML", 0, 1, 0, 0, 0, 0, 0, 0, 0, 1
"c:\Users\User\Desktop\work\youwho.club\src\assets\FEATURESWH-.svg", "XML", 0, 1, 0, 0, 0, 0, 0, 0, 0, 1
"c:\Users\User\Desktop\work\youwho.club\src\assets\FEATURESWH.svg", "XML", 0, 1, 0, 0, 0, 0, 0, 0, 0, 1
"c:\Users\User\Desktop\work\youwho.club\src\assets\WALLET-WH.svg", "XML", 0, 1, 0, 0, 0, 0, 0, 0, 0, 1
"c:\Users\User\Desktop\work\youwho.club\src\assets\WALLET-b.svg", "XML", 0, 1, 0, 0, 0, 0, 0, 0, 0, 1
"c:\Users\User\Desktop\work\youwho.club\src\assets\Wallet.svg", "XML", 0, 9, 0, 0, 0, 0, 0, 0, 1, 10
"c:\Users\User\Desktop\work\youwho.club\src\assets\Y-HUG-COIN.svg", "XML", 0, 1, 0, 0, 0, 0, 0, 0, 0, 1
"c:\Users\User\Desktop\work\youwho.club\src\assets\Ycoin.svg", "XML", 0, 1, 0, 0, 0, 0, 0, 0, 0, 1
"c:\Users\User\Desktop\work\youwho.club\src\assets\bgDots.svg", "XML", 0, 180, 0, 0, 0, 0, 0, 0, 1, 181
"c:\Users\User\Desktop\work\youwho.club\src\assets\blockchainDark.svg", "XML", 0, 1, 0, 0, 0, 0, 0, 0, 0, 1
"c:\Users\User\Desktop\work\youwho.club\src\assets\blockchainLight.svg", "XML", 0, 1, 0, 0, 0, 0, 0, 0, 0, 1
"c:\Users\User\Desktop\work\youwho.club\src\assets\blue-nft.svg", "XML", 0, 9, 0, 0, 0, 0, 0, 0, 1, 10
"c:\Users\User\Desktop\work\youwho.club\src\assets\calenDark.svg", "XML", 0, 1, 0, 0, 0, 0, 0, 0, 0, 1
"c:\Users\User\Desktop\work\youwho.club\src\assets\calenLight.svg", "XML", 0, 1, 0, 0, 0, 0, 0, 0, 0, 1
"c:\Users\User\Desktop\work\youwho.club\src\assets\chatNFTDark.svg", "XML", 0, 1, 0, 0, 0, 0, 0, 0, 0, 1
"c:\Users\User\Desktop\work\youwho.club\src\assets\chatNFTLight.svg", "XML", 0, 1, 0, 0, 0, 0, 0, 0, 0, 1
"c:\Users\User\Desktop\work\youwho.club\src\assets\complimentPhotos.svg", "XML", 0, 99, 0, 0, 0, 0, 0, 0, 1, 100
"c:\Users\User\Desktop\work\youwho.club\src\assets\cream-nft.svg", "XML", 0, 9, 0, 0, 0, 0, 0, 0, 1, 10
"c:\Users\User\Desktop\work\youwho.club\src\assets\cryptoDark.svg", "XML", 0, 1, 0, 0, 0, 0, 0, 0, 0, 1
"c:\Users\User\Desktop\work\youwho.club\src\assets\cryptoLight.svg", "XML", 0, 1, 0, 0, 0, 0, 0, 0, 0, 1
"c:\Users\User\Desktop\work\youwho.club\src\assets\dayNnight.svg", "XML", 0, 9, 0, 0, 0, 0, 0, 0, 1, 10
"c:\Users\User\Desktop\work\youwho.club\src\assets\exchangeLogo.svg", "XML", 0, 9, 0, 0, 0, 0, 0, 0, 1, 10
"c:\Users\User\Desktop\work\youwho.club\src\assets\face-pro.svg", "XML", 0, 3, 0, 0, 0, 0, 0, 0, 1, 4
"c:\Users\User\Desktop\work\youwho.club\src\assets\galleryDark.svg", "XML", 0, 1, 0, 0, 0, 0, 0, 0, 0, 1
"c:\Users\User\Desktop\work\youwho.club\src\assets\galleryLight.svg", "XML", 0, 1, 0, 0, 0, 0, 0, 0, 0, 1
"c:\Users\User\Desktop\work\youwho.club\src\assets\gassfeeDark.svg", "XML", 0, 1, 0, 0, 0, 0, 0, 0, 0, 1
"c:\Users\User\Desktop\work\youwho.club\src\assets\gassfeeLight.svg", "XML", 0, 1, 0, 0, 0, 0, 0, 0, 0, 1
"c:\Users\User\Desktop\work\youwho.club\src\assets\gmailLogo.svg", "XML", 0, 14, 0, 0, 0, 0, 0, 0, 1, 15
"c:\Users\User\Desktop\work\youwho.club\src\assets\icons\Chip.svg", "XML", 0, 19, 0, 0, 0, 0, 0, 0, 1, 20
"c:\Users\User\Desktop\work\youwho.club\src\assets\icons\coins.svg", "XML", 0, 3, 0, 0, 0, 0, 0, 0, 1, 4
"c:\Users\User\Desktop\work\youwho.club\src\assets\icons\collectionIcon.svg", "XML", 0, 5, 0, 0, 0, 0, 0, 0, 1, 6
"c:\Users\User\Desktop\work\youwho.club\src\assets\icons\frame.svg", "XML", 0, 11, 0, 0, 0, 0, 0, 0, 1, 12
"c:\Users\User\Desktop\work\youwho.club\src\assets\icons\gift-open-outline-white.svg", "XML", 0, 5, 0, 0, 0, 0, 0, 0, 1, 6
"c:\Users\User\Desktop\work\youwho.club\src\assets\icons\gift-open-outline.svg", "XML", 0, 5, 0, 0, 0, 0, 0, 0, 1, 6
"c:\Users\User\Desktop\work\youwho.club\src\assets\icons\gift-outline-white.svg", "XML", 0, 5, 0, 0, 0, 0, 0, 0, 1, 6
"c:\Users\User\Desktop\work\youwho.club\src\assets\icons\gift-outline.svg", "XML", 0, 5, 0, 0, 0, 0, 0, 0, 1, 6
"c:\Users\User\Desktop\work\youwho.club\src\assets\icons\id.svg", "XML", 0, 6, 0, 0, 0, 0, 0, 0, 1, 7
"c:\Users\User\Desktop\work\youwho.club\src\assets\icons\media-type.svg", "XML", 0, 3, 0, 0, 0, 0, 0, 0, 1, 4
"c:\Users\User\Desktop\work\youwho.club\src\assets\icons\money.svg", "XML", 0, 3, 0, 0, 0, 0, 0, 0, 1, 4
"c:\Users\User\Desktop\work\youwho.club\src\assets\icons\name.svg", "XML", 0, 16, 0, 0, 0, 0, 0, 0, 1, 17
"c:\Users\User\Desktop\work\youwho.club\src\assets\icons\pin.svg", "XML", 0, 3, 0, 0, 0, 0, 0, 0, 1, 4
"c:\Users\User\Desktop\work\youwho.club\src\assets\icons\text.svg", "XML", 0, 5, 0, 0, 0, 0, 0, 0, 1, 6
"c:\Users\User\Desktop\work\youwho.club\src\assets\icons\upload-file.svg", "XML", 0, 5, 0, 0, 0, 0, 0, 0, 1, 6
"c:\Users\User\Desktop\work\youwho.club\src\assets\introGroup.svg", "XML", 0, 174, 0, 0, 0, 0, 0, 0, 1, 175
"c:\Users\User\Desktop\work\youwho.club\src\assets\marketLogo.svg", "XML", 0, 9, 0, 0, 0, 0, 0, 0, 1, 10
"c:\Users\User\Desktop\work\youwho.club\src\assets\micosoftLogo.svg", "XML", 0, 13, 0, 0, 0, 0, 0, 0, 1, 14
"c:\Users\User\Desktop\work\youwho.club\src\assets\p-outline.svg", "XML", 0, 225, 0, 0, 0, 0, 0, 1, 2, 228
"c:\Users\User\Desktop\work\youwho.club\src\assets\pink-nft.svg", "XML", 0, 9, 0, 0, 0, 0, 0, 0, 1, 10
"c:\Users\User\Desktop\work\youwho.club\src\assets\purple-nft.svg", "XML", 0, 9, 0, 0, 0, 0, 0, 0, 1, 10
"c:\Users\User\Desktop\work\youwho.club\src\assets\sokhabi-nft.svg", "XML", 0, 9, 0, 0, 0, 0, 0, 0, 1, 10
"c:\Users\User\Desktop\work\youwho.club\src\assets\torqua-nft.svg", "XML", 0, 9, 0, 0, 0, 0, 0, 0, 1, 10
"c:\Users\User\Desktop\work\youwho.club\src\assets\transferDark.svg", "XML", 0, 1, 0, 0, 0, 0, 0, 0, 0, 1
"c:\Users\User\Desktop\work\youwho.club\src\assets\transferLight.svg", "XML", 0, 1, 0, 0, 0, 0, 0, 0, 0, 1
"c:\Users\User\Desktop\work\youwho.club\src\assets\twoTokens.svg", "XML", 0, 23, 0, 0, 0, 0, 0, 0, 1, 24
"c:\Users\User\Desktop\work\youwho.club\src\assets\walletDark.svg", "XML", 0, 1, 0, 0, 0, 0, 0, 0, 0, 1
"c:\Users\User\Desktop\work\youwho.club\src\assets\walletImgDark.svg", "XML", 0, 1, 0, 0, 0, 0, 0, 0, 0, 1
"c:\Users\User\Desktop\work\youwho.club\src\assets\walletImgLight.svg", "XML", 0, 1, 0, 0, 0, 0, 0, 0, 0, 1
"c:\Users\User\Desktop\work\youwho.club\src\assets\walletLight.svg", "XML", 0, 1, 0, 0, 0, 0, 0, 0, 0, 1
"c:\Users\User\Desktop\work\youwho.club\src\assets\walletLogo.svg", "XML", 0, 9, 0, 0, 0, 0, 0, 0, 1, 10
"c:\Users\User\Desktop\work\youwho.club\src\assets\web3Dark.svg", "XML", 0, 1, 0, 0, 0, 0, 0, 0, 0, 1
"c:\Users\User\Desktop\work\youwho.club\src\assets\web3Light.svg", "XML", 0, 1, 0, 0, 0, 0, 0, 0, 0, 1
"c:\Users\User\Desktop\work\youwho.club\src\assets\xpnsvNFTDark.svg", "XML", 0, 1, 0, 0, 0, 0, 0, 0, 0, 1
"c:\Users\User\Desktop\work\youwho.club\src\assets\xpnsvNFTLight.svg", "XML", 0, 1, 0, 0, 0, 0, 0, 0, 0, 1
"c:\Users\User\Desktop\work\youwho.club\src\assets\xtrPageBanner.svg", "XML", 0, 1, 0, 0, 0, 0, 0, 0, 0, 1
"c:\Users\User\Desktop\work\youwho.club\src\assets\youwho-hugcoin.svg", "XML", 0, 194, 0, 0, 0, 0, 0, 1, 1, 196
"c:\Users\User\Desktop\work\youwho.club\src\assets\youwho-purple.svg", "XML", 0, 1, 0, 0, 0, 0, 0, 0, 0, 1
"c:\Users\User\Desktop\work\youwho.club\src\assets\youwho-white.svg", "XML", 0, 1, 0, 0, 0, 0, 0, 0, 0, 1
"c:\Users\User\Desktop\work\youwho.club\src\components\Bar.js", "JavaScript", 132, 0, 0, 0, 0, 0, 0, 19, 13, 164
"c:\Users\User\Desktop\work\youwho.club\src\components\Footer.js", "JavaScript", 241, 0, 0, 0, 0, 0, 0, 14, 19, 274
"c:\Users\User\Desktop\work\youwho.club\src\components\FooterPrev.js", "JavaScript", 20, 0, 0, 0, 0, 0, 0, 1, 1, 22
"c:\Users\User\Desktop\work\youwho.club\src\components\HomePage\Intro.js", "JavaScript", 88, 0, 0, 0, 0, 0, 0, 4, 5, 97
"c:\Users\User\Desktop\work\youwho.club\src\components\HomePage\decorSection.js", "JavaScript", 126, 0, 0, 0, 0, 0, 0, 1, 4, 131
"c:\Users\User\Desktop\work\youwho.club\src\components\HomePage\features&benefits.js", "JavaScript", 68, 0, 0, 0, 0, 0, 0, 0, 6, 74
"c:\Users\User\Desktop\work\youwho.club\src\components\HomePage\gallerySlide.js", "JavaScript", 100, 0, 0, 0, 0, 0, 0, 0, 5, 105
"c:\Users\User\Desktop\work\youwho.club\src\components\HomePage\giftSlides.js", "JavaScript", 52, 0, 0, 0, 0, 0, 0, 12, 5, 69
"c:\Users\User\Desktop\work\youwho.club\src\components\HomePage\navigateCardTwo.js", "JavaScript", 72, 0, 0, 0, 0, 0, 0, 2, 5, 79
"c:\Users\User\Desktop\work\youwho.club\src\components\HomePage\newestSlide.js", "JavaScript", 101, 0, 0, 0, 0, 0, 0, 0, 6, 107
"c:\Users\User\Desktop\work\youwho.club\src\components\HomePage\nftSlides.js", "JavaScript", 55, 0, 0, 0, 0, 0, 0, 1, 8, 64
"c:\Users\User\Desktop\work\youwho.club\src\components\HomePage\themeSwitchComp.js", "JavaScript", 39, 0, 0, 0, 0, 0, 0, 0, 2, 41
"c:\Users\User\Desktop\work\youwho.club\src\components\HomePage\themeToggler.js", "JavaScript", 30, 0, 0, 0, 0, 0, 0, 4, 4, 38
"c:\Users\User\Desktop\work\youwho.club\src\components\HomePage\whatsNFT.js", "JavaScript", 43, 0, 0, 0, 0, 0, 0, 2, 5, 50
"c:\Users\User\Desktop\work\youwho.club\src\components\HomePage\yServices.js", "JavaScript", 68, 0, 0, 0, 0, 0, 0, 1, 4, 73
"c:\Users\User\Desktop\work\youwho.club\src\components\MobileMenu.js", "JavaScript", 256, 0, 0, 0, 0, 0, 0, 11, 19, 286
"c:\Users\User\Desktop\work\youwho.club\src\components\MobileMenuTwo.js", "JavaScript", 328, 0, 0, 0, 0, 0, 0, 6, 20, 354
"c:\Users\User\Desktop\work\youwho.club\src\components\Navbar.js", "JavaScript", 553, 0, 0, 0, 0, 0, 0, 22, 48, 623
"c:\Users\User\Desktop\work\youwho.club\src\components\PanelLayout.js", "JavaScript", 80, 0, 0, 0, 0, 0, 0, 21, 7, 108
"c:\Users\User\Desktop\work\youwho.club\src\components\Timer.js", "JavaScript", 14, 0, 0, 0, 0, 0, 0, 0, 1, 15
"c:\Users\User\Desktop\work\youwho.club\src\components\buttons\buttonBorder.js", "JavaScript", 31, 0, 0, 0, 0, 0, 0, 3, 3, 37
"c:\Users\User\Desktop\work\youwho.club\src\components\buttons\buttonBorderSmall.js", "JavaScript", 31, 0, 0, 0, 0, 0, 0, 3, 3, 37
"c:\Users\User\Desktop\work\youwho.club\src\components\buttons\buttonDisabledActive.js", "JavaScript", 32, 0, 0, 0, 0, 0, 0, 3, 4, 39
"c:\Users\User\Desktop\work\youwho.club\src\components\buttons\buttonOutline.js", "JavaScript", 31, 0, 0, 0, 0, 0, 0, 7, 4, 42
"c:\Users\User\Desktop\work\youwho.club\src\components\buttons\buttonOutlineInset.js", "JavaScript", 32, 0, 0, 0, 0, 0, 0, 5, 3, 40
"c:\Users\User\Desktop\work\youwho.club\src\components\buttons\buttonPurple.js", "JavaScript", 29, 0, 0, 0, 0, 0, 0, 4, 3, 36
"c:\Users\User\Desktop\work\youwho.club\src\components\buttons\buttonPurpleLight.js", "JavaScript", 32, 0, 0, 0, 0, 0, 0, 3, 4, 39
"c:\Users\User\Desktop\work\youwho.club\src\components\crop\Crop.js", "JavaScript", 102, 0, 0, 0, 0, 0, 0, 5, 7, 114
"c:\Users\User\Desktop\work\youwho.club\src\components\crop\utils\cropImage.js", "JavaScript", 70, 0, 0, 0, 0, 0, 0, 15, 18, 103
"c:\Users\User\Desktop\work\youwho.club\src\components\customSlider.js", "JavaScript", 108, 0, 0, 0, 0, 0, 0, 6, 5, 119
"c:\Users\User\Desktop\work\youwho.club\src\components\dashboard\DashBar.js", "JavaScript", 1002, 0, 0, 0, 0, 0, 0, 27, 57, 1086
"c:\Users\User\Desktop\work\youwho.club\src\components\dashboard\ProfileCard.js", "JavaScript", 97, 0, 0, 0, 0, 0, 0, 18, 7, 122
"c:\Users\User\Desktop\work\youwho.club\src\components\dashboard\assets.js", "JavaScript", 176, 0, 0, 0, 0, 0, 0, 24, 14, 214
"c:\Users\User\Desktop\work\youwho.club\src\components\dashboard\createNFT.js", "JavaScript", 1146, 0, 0, 0, 0, 0, 0, 60, 61, 1267
"c:\Users\User\Desktop\work\youwho.club\src\components\dashboard\myFans.js", "JavaScript", 189, 0, 0, 0, 0, 0, 0, 0, 14, 203
"c:\Users\User\Desktop\work\youwho.club\src\components\dashboard\myFollowings.js", "JavaScript", 151, 0, 0, 0, 0, 0, 0, 1, 12, 164
"c:\Users\User\Desktop\work\youwho.club\src\components\dashboard\myFriendRequests.js", "JavaScript", 133, 0, 0, 0, 0, 0, 0, 3, 9, 145
"c:\Users\User\Desktop\work\youwho.club\src\components\dashboard\myFriendSuggestions.js", "JavaScript", 111, 0, 0, 0, 0, 0, 0, 0, 4, 115
"c:\Users\User\Desktop\work\youwho.club\src\components\dashboard\myFriends.js", "JavaScript", 99, 0, 0, 0, 0, 0, 0, 1, 11, 111
"c:\Users\User\Desktop\work\youwho.club\src\components\dashboard\mySentRequests.js", "JavaScript", 162, 0, 0, 0, 0, 0, 0, 0, 16, 178
"c:\Users\User\Desktop\work\youwho.club\src\components\dashboard\privateGallery.js", "JavaScript", 263, 0, 0, 0, 0, 0, 0, 5, 17, 285
"c:\Users\User\Desktop\work\youwho.club\src\components\dashboard\profilePanel.js", "JavaScript", 115, 0, 0, 0, 0, 0, 0, 10, 5, 130
"c:\Users\User\Desktop\work\youwho.club\src\components\dashboard\progressSettingTab.js", "JavaScript", 27, 0, 0, 0, 0, 0, 0, 0, 5, 32
"c:\Users\User\Desktop\work\youwho.club\src\components\dashboard\publicGallery.js", "JavaScript", 234, 0, 0, 0, 0, 0, 0, 27, 15, 276
"c:\Users\User\Desktop\work\youwho.club\src\components\dashboard\reactionsTab.js", "JavaScript", 404, 0, 0, 0, 0, 0, 0, 33, 18, 455
"c:\Users\User\Desktop\work\youwho.club\src\components\dashboard\relationsTab.js", "JavaScript", 504, 0, 0, 0, 0, 0, 0, 9, 24, 537
"c:\Users\User\Desktop\work\youwho.club\src\components\explore\allNFTsTab.js", "JavaScript", 124, 0, 0, 0, 0, 0, 0, 2, 9, 135
"c:\Users\User\Desktop\work\youwho.club\src\components\explore\topNFTsTab.js", "JavaScript", 137, 0, 0, 0, 0, 0, 0, 2, 10, 149
"c:\Users\User\Desktop\work\youwho.club\src\components\explore\topUsersTab.js", "JavaScript", 281, 0, 0, 0, 0, 0, 0, 6, 18, 305
"c:\Users\User\Desktop\work\youwho.club\src\components\filterSelection.js", "JavaScript", 111, 0, 0, 0, 0, 0, 0, 4, 10, 125
"c:\Users\User\Desktop\work\youwho.club\src\components\nft market\collectionCard.js", "JavaScript", 663, 0, 0, 0, 0, 0, 0, 566, 33, 1262
"c:\Users\User\Desktop\work\youwho.club\src\components\nft market\giftCard.js", "JavaScript", 413, 0, 0, 0, 0, 0, 0, 39, 52, 504
"c:\Users\User\Desktop\work\youwho.club\src\components\nft market\nftAssetCard.js", "JavaScript", 905, 0, 0, 0, 0, 0, 0, 63, 61, 1029
"c:\Users\User\Desktop\work\youwho.club\src\components\nft market\nftBuyCard.js", "JavaScript", 536, 0, 0, 0, 0, 0, 0, 17, 40, 593
"c:\Users\User\Desktop\work\youwho.club\src\components\nft market\nftCard.js", "JavaScript", 914, 0, 0, 0, 0, 0, 0, 18, 64, 996
"c:\Users\User\Desktop\work\youwho.club\src\components\nft market\nftCardLanding.js", "JavaScript", 89, 0, 0, 0, 0, 0, 0, 9, 9, 107
"c:\Users\User\Desktop\work\youwho.club\src\components\nft market\nftOnchainCard.js", "JavaScript", 260, 0, 0, 0, 0, 0, 0, 8, 26, 294
"c:\Users\User\Desktop\work\youwho.club\src\components\nft market\nftSellCard.js", "JavaScript", 581, 0, 0, 0, 0, 0, 0, 18, 32, 631
"c:\Users\User\Desktop\work\youwho.club\src\components\nft market\viewMoreCard.js", "JavaScript", 43, 0, 0, 0, 0, 0, 0, 9, 5, 57
"c:\Users\User\Desktop\work\youwho.club\src\components\pagination.js", "JavaScript", 66, 0, 0, 0, 0, 0, 0, 2, 4, 72
"c:\Users\User\Desktop\work\youwho.club\src\components\profile\ProfileBar.js", "JavaScript", 325, 0, 0, 0, 0, 0, 0, 51, 16, 392
"c:\Users\User\Desktop\work\youwho.club\src\components\profile\ProfileCard.js", "JavaScript", 150, 0, 0, 0, 0, 0, 0, 2, 5, 157
"c:\Users\User\Desktop\work\youwho.club\src\components\profile\TheirAllies.js", "JavaScript", 63, 0, 0, 0, 0, 0, 0, 0, 7, 70
"c:\Users\User\Desktop\work\youwho.club\src\components\profile\TheirFollowings.js", "JavaScript", 65, 0, 0, 0, 0, 0, 0, 0, 3, 68
"c:\Users\User\Desktop\work\youwho.club\src\components\profile\TheirFriends.js", "JavaScript", 65, 0, 0, 0, 0, 0, 0, 0, 3, 68
"c:\Users\User\Desktop\work\youwho.club\src\components\profile\assets.js", "JavaScript", 143, 0, 0, 0, 0, 0, 0, 22, 16, 181
"c:\Users\User\Desktop\work\youwho.club\src\components\profile\privateGallery.js", "JavaScript", 279, 0, 0, 0, 0, 0, 0, 4, 11, 294
"c:\Users\User\Desktop\work\youwho.club\src\components\profile\profilePanel.js", "JavaScript", 110, 0, 0, 0, 0, 0, 0, 15, 5, 130
"c:\Users\User\Desktop\work\youwho.club\src\components\profile\publicGallery.js", "JavaScript", 268, 0, 0, 0, 0, 0, 0, 28, 18, 314
"c:\Users\User\Desktop\work\youwho.club\src\components\profile\reactionsTab.js", "JavaScript", 50, 0, 0, 0, 0, 0, 0, 1, 7, 58
"c:\Users\User\Desktop\work\youwho.club\src\components\profile\relationsTab.js", "JavaScript", 362, 0, 0, 0, 0, 0, 0, 2, 19, 383
"c:\Users\User\Desktop\work\youwho.club\src\components\searchInput.js", "JavaScript", 51, 0, 0, 0, 0, 0, 0, 0, 3, 54
"c:\Users\User\Desktop\work\youwho.club\src\components\selection.js", "JavaScript", 103, 0, 0, 0, 0, 0, 0, 4, 10, 117
"c:\Users\User\Desktop\work\youwho.club\src\components\transfer\depositModal.js", "JavaScript", 8, 0, 0, 0, 0, 0, 0, 0, 3, 11
"c:\Users\User\Desktop\work\youwho.club\src\components\transfer\withdrawModal.js", "JavaScript", 8, 0, 0, 0, 0, 0, 0, 0, 3, 11
"c:\Users\User\Desktop\work\youwho.club\src\components\user\auth\Login.js", "JavaScript", 427, 0, 0, 0, 0, 0, 0, 15, 28, 470
"c:\Users\User\Desktop\work\youwho.club\src\components\user\auth\Signup.js", "JavaScript", 332, 0, 0, 0, 0, 0, 0, 6, 29, 367
"c:\Users\User\Desktop\work\youwho.club\src\components\user\auth\authLayout.js", "JavaScript", 79, 0, 0, 0, 0, 0, 0, 2, 6, 87
"c:\Users\User\Desktop\work\youwho.club\src\components\user\auth\verifyMail.js", "JavaScript", 306, 0, 0, 0, 0, 0, 0, 17, 32, 355
"c:\Users\User\Desktop\work\youwho.club\src\components\user\auth\verifyPhone.js", "JavaScript", 259, 0, 0, 0, 0, 0, 0, 30, 33, 322
"c:\Users\User\Desktop\work\youwho.club\src\components\user\auth\verifyPhoneModal.js", "JavaScript", 299, 0, 0, 0, 0, 0, 0, 18, 28, 345
"c:\Users\User\Desktop\work\youwho.club\src\components\user\wallet\chargeWallet.js", "JavaScript", 197, 0, 0, 0, 0, 0, 0, 1, 24, 222
"c:\Users\User\Desktop\work\youwho.club\src\components\user\wallet\createWallet.js", "JavaScript", 210, 0, 0, 0, 0, 0, 0, 16, 17, 243
"c:\Users\User\Desktop\work\youwho.club\src\components\user\wallet\depositPanel.js", "JavaScript", 9, 0, 0, 0, 0, 0, 0, 0, 2, 11
"c:\Users\User\Desktop\work\youwho.club\src\components\user\wallet\paidCheckouts.js", "JavaScript", 75, 0, 0, 0, 0, 0, 0, 0, 14, 89
"c:\Users\User\Desktop\work\youwho.club\src\components\user\wallet\transferGift.js", "JavaScript", 386, 0, 0, 0, 0, 0, 0, 5, 26, 417
"c:\Users\User\Desktop\work\youwho.club\src\components\user\wallet\turnover.js", "JavaScript", 270, 0, 0, 0, 0, 0, 0, 1, 28, 299
"c:\Users\User\Desktop\work\youwho.club\src\components\user\wallet\unpaidCheckouts.js", "JavaScript", 71, 0, 0, 0, 0, 0, 0, 5, 13, 89
"c:\Users\User\Desktop\work\youwho.club\src\components\user\wallet\wallet.js", "JavaScript", 541, 0, 0, 0, 0, 0, 0, 36, 30, 607
"c:\Users\User\Desktop\work\youwho.club\src\components\user\wallet\withdrawPanel.js", "JavaScript", 210, 0, 0, 0, 0, 0, 0, 2, 17, 229
"c:\Users\User\Desktop\work\youwho.club\src\components\utils.js", "JavaScript", 2919, 0, 0, 0, 0, 0, 0, 91, 101, 3111
"c:\Users\User\Desktop\work\youwho.club\src\config.js", "JavaScript", 12, 0, 0, 0, 0, 0, 0, 0, 6, 18
"c:\Users\User\Desktop\work\youwho.club\src\index.css", "CSS", 0, 0, 290, 0, 0, 0, 0, 10, 10, 310
"c:\Users\User\Desktop\work\youwho.club\src\index.js", "JavaScript", 10, 0, 0, 0, 0, 0, 0, 5, 3, 18
"c:\Users\User\Desktop\work\youwho.club\src\logo.svg", "XML", 0, 1, 0, 0, 0, 0, 0, 0, 0, 1
"c:\Users\User\Desktop\work\youwho.club\src\pages\404.js", "JavaScript", 38, 0, 0, 0, 0, 0, 0, 1, 4, 43
"c:\Users\User\Desktop\work\youwho.club\src\pages\about-us.js", "JavaScript", 86, 0, 0, 0, 0, 0, 0, 0, 2, 88
"c:\Users\User\Desktop\work\youwho.club\src\pages\auth.js", "JavaScript", 123, 0, 0, 0, 0, 0, 0, 1, 7, 131
"c:\Users\User\Desktop\work\youwho.club\src\pages\blog.js", "JavaScript", 94, 0, 0, 0, 0, 0, 0, 1, 6, 101
"c:\Users\User\Desktop\work\youwho.club\src\pages\checkoutCancel.js", "JavaScript", 18, 0, 0, 0, 0, 0, 0, 0, 3, 21
"c:\Users\User\Desktop\work\youwho.club\src\pages\checkoutSuccess.js", "JavaScript", 25, 0, 0, 0, 0, 0, 0, 0, 10, 35
"c:\Users\User\Desktop\work\youwho.club\src\pages\contact-us.js", "JavaScript", 258, 0, 0, 0, 0, 0, 0, 2, 9, 269
"c:\Users\User\Desktop\work\youwho.club\src\pages\dashboard.js", "JavaScript", 132, 0, 0, 0, 0, 0, 0, 18, 17, 167
"c:\Users\User\Desktop\work\youwho.club\src\pages\display.js", "JavaScript", 7, 0, 0, 0, 0, 0, 0, 0, 1, 8
"c:\Users\User\Desktop\work\youwho.club\src\pages\guide.js", "JavaScript", 422, 0, 0, 0, 0, 0, 0, 4, 21, 447
"c:\Users\User\Desktop\work\youwho.club\src\pages\home.js", "JavaScript", 53, 0, 0, 0, 0, 0, 0, 34, 6, 93
"c:\Users\User\Desktop\work\youwho.club\src\pages\main-gallery.js", "JavaScript", 171, 0, 0, 0, 0, 0, 0, 4, 15, 190
"c:\Users\User\Desktop\work\youwho.club\src\pages\mainGallery.js", "JavaScript", 345, 0, 0, 0, 0, 0, 0, 27, 23, 395
"c:\Users\User\Desktop\work\youwho.club\src\pages\privacyPolicy.js", "JavaScript", 137, 0, 0, 0, 0, 0, 0, 0, 7, 144
"c:\Users\User\Desktop\work\youwho.club\src\pages\profile.js", "JavaScript", 289, 0, 0, 0, 0, 0, 0, 7, 16, 312
"c:\Users\User\Desktop\work\youwho.club\src\pages\searchPage.js", "JavaScript", 245, 0, 0, 0, 0, 0, 0, 2, 12, 259
"c:\Users\User\Desktop\work\youwho.club\src\pages\termsOfService.js", "JavaScript", 89, 0, 0, 0, 0, 0, 0, 0, 6, 95
"c:\Users\User\Desktop\work\youwho.club\src\pages\transfer.js", "JavaScript", 83, 0, 0, 0, 0, 0, 0, 14, 5, 102
"c:\Users\User\Desktop\work\youwho.club\src\pages\verifyMail.js", "JavaScript", 259, 0, 0, 0, 0, 0, 0, 16, 31, 306
"c:\Users\User\Desktop\work\youwho.club\src\pages\walletPage.js", "JavaScript", 48, 0, 0, 0, 0, 0, 0, 25, 8, 81
"c:\Users\User\Desktop\work\youwho.club\src\pages\weblog.js", "JavaScript", 193, 0, 0, 0, 0, 0, 0, 4, 9, 206
"c:\Users\User\Desktop\work\youwho.club\src\redux\actions.js", "JavaScript", 322, 0, 0, 0, 0, 0, 0, 31, 21, 374
"c:\Users\User\Desktop\work\youwho.club\src\redux\cartReducer.js", "JavaScript", 64, 0, 0, 0, 0, 0, 0, 56, 13, 133
"c:\Users\User\Desktop\work\youwho.club\src\redux\store.js", "JavaScript", 40, 0, 0, 0, 0, 0, 0, 3, 6, 49
"c:\Users\User\Desktop\work\youwho.club\src\redux\unclaimedDepositReducer.js", "JavaScript", 20, 0, 0, 0, 0, 0, 0, 2, 6, 28
"c:\Users\User\Desktop\work\youwho.club\src\redux\userReducer.js", "JavaScript", 73, 0, 0, 0, 0, 0, 0, 7, 5, 85
"c:\Users\User\Desktop\work\youwho.club\src\reportWebVitals.js", "JavaScript", 12, 0, 0, 0, 0, 0, 0, 0, 2, 14
"c:\Users\User\Desktop\work\youwho.club\src\setupTests.js", "JavaScript", 1, 0, 0, 0, 0, 0, 0, 4, 1, 6
"c:\Users\User\Desktop\work\youwho.club\src\utils\api.js", "JavaScript", 42, 0, 0, 0, 0, 0, 0, 0, 2, 44
"c:\Users\User\Desktop\work\youwho.club\src\utils\api_wrapper.js", "JavaScript", 76, 0, 0, 0, 0, 0, 0, 2, 2, 80
"c:\Users\User\Desktop\work\youwho.club\src\utils\data\auth_api.js", "JavaScript", 8, 0, 0, 0, 0, 0, 0, 0, 1, 9
"c:\Users\User\Desktop\work\youwho.club\src\utils\data\health_api.js", "JavaScript", 8, 0, 0, 0, 0, 0, 0, 0, 1, 9
"c:\Users\User\Desktop\work\youwho.club\src\utils\data\market_api.js", "JavaScript", 8, 0, 0, 0, 0, 0, 0, 0, 1, 9
"c:\Users\User\Desktop\work\youwho.club\src\utils\data\public_api.js", "JavaScript", 8, 0, 0, 0, 0, 0, 0, 0, 1, 9
"c:\Users\User\Desktop\work\youwho.club\src\utils\signatureUtils.js", "JavaScript", 21, 0, 0, 0, 0, 0, 0, 7, 10, 38
"c:\Users\User\Desktop\work\youwho.club\src\utils\utils.js", "JavaScript", 69, 0, 0, 0, 0, 0, 0, 1, 3, 73
"Total", "-", 25736, 2506, 472, 3, 34112, 15, 32, 2101, 1887, 66864